{"cameraMode":{"drawMode":0,"name":"Shaded","section":"Shading Mode"},"sceneLighting":false,"audioPlay":false,"sceneViewState":{"showFog":false,"showMaterialUpdate":false,"showSkybox":false,"showFlares":false,"showImageEffects":false,"showParticleSystems":false},"in2DMode":false,"pivot":{"x":0.08127876371145249,"y":0.1825709193944931,"z":-0.5503283739089966},"rotation":{"x":-0.008525006473064423,"y":-0.9235547184944153,"z":0.38320180773735049,"w":-0.019911713898181917},"size":2.91160249710083,"orthographic":false}