{"cameraMode":{"drawMode":0,"name":"Shaded","section":"Shading Mode"},"sceneLighting":false,"audioPlay":false,"sceneViewState":{"showFog":false,"showMaterialUpdate":false,"showSkybox":false,"showFlares":false,"showImageEffects":false,"showParticleSystems":false},"in2DMode":false,"pivot":{"x":3.0436644554138185,"y":-2.710446357727051,"z":-34.99881362915039},"rotation":{"x":-0.39021947979927065,"y":-0.3676074147224426,"z":0.17384418845176698,"w":-0.8262427449226379},"size":10.731027603149414,"orthographic":false}