{"cameraMode":{"drawMode":0,"name":"Shaded","section":"Shading Mode"},"sceneLighting":true,"audioPlay":false,"sceneViewState":{"showFog":false,"showMaterialUpdate":false,"showSkybox":false,"showFlares":false,"showImageEffects":false,"showParticleSystems":false},"in2DMode":false,"pivot":{"x":18.836095809936525,"y":13.51469898223877,"z":-17.504911422729493},"rotation":{"x":-0.294830322265625,"y":0.587531328201294,"z":-0.24289004504680634,"w":-0.7138261198997498},"size":24.388681411743165,"orthographic":false}