{"cameraMode":{"drawMode":0,"name":"Shaded","section":"Shading Mode"},"sceneLighting":false,"audioPlay":false,"sceneViewState":{"showFog":false,"showMaterialUpdate":false,"showSkybox":false,"showFlares":false,"showImageEffects":false,"showParticleSystems":false},"in2DMode":false,"pivot":{"x":-2.056516647338867,"y":0.6146495938301086,"z":-13.142308235168457},"rotation":{"x":0.09936276823282242,"y":-0.9011076092720032,"z":0.30436646938323977,"w":0.293387234210968},"size":5.086823463439941,"orthographic":false}