{"cameraMode":{"drawMode":0,"name":"Shaded","section":"Shading Mode"},"sceneLighting":false,"audioPlay":false,"sceneViewState":{"showFog":false,"showMaterialUpdate":false,"showSkybox":false,"showFlares":false,"showImageEffects":false,"showParticleSystems":false},"in2DMode":false,"pivot":{"x":-0.08412869274616242,"y":-1.0371851921081544,"z":1.4982233047485352},"rotation":{"x":0.3567853569984436,"y":-0.021976739168167115,"z":0.008582230657339096,"w":0.9342167377471924},"size":5.437492847442627,"orthographic":false}