{"cameraMode":{"drawMode":0,"name":"Shaded","section":"Shading Mode"},"sceneLighting":false,"audioPlay":false,"sceneViewState":{"showFog":false,"showMaterialUpdate":false,"showSkybox":false,"showFlares":false,"showImageEffects":false,"showParticleSystems":false},"in2DMode":false,"pivot":{"x":-0.14252203702926637,"y":-0.0016796588897705079,"z":-0.7292258739471436},"rotation":{"x":-0.0384286604821682,"y":-0.9415869116783142,"z":0.3149367868900299,"w":-0.11408285796642304},"size":2.91160249710083,"orthographic":false}