{"cameraMode":{"drawMode":0,"name":"Shaded","section":"Shading Mode"},"sceneLighting":false,"audioPlay":false,"sceneViewState":{"showFog":false,"showMaterialUpdate":false,"showSkybox":false,"showFlares":false,"showImageEffects":false,"showParticleSystems":false},"in2DMode":false,"pivot":{"x":0.6310000419616699,"y":2.388749599456787,"z":-12.189000129699707},"rotation":{"x":0.09936276823282242,"y":-0.9011076092720032,"z":0.30436646938323977,"w":0.293387234210968},"size":3.9004690647125246,"orthographic":false}