{"cameraMode":{"drawMode":0,"name":"Shaded","section":"Shading Mode"},"sceneLighting":false,"audioPlay":false,"sceneViewState":{"showFog":false,"showMaterialUpdate":false,"showSkybox":false,"showFlares":false,"showImageEffects":false,"showParticleSystems":false},"in2DMode":false,"pivot":{"x":-2.5358588695526125,"y":-2.808811664581299,"z":-12.719339370727539},"rotation":{"x":0.3158664405345917,"y":-0.5005990266799927,"z":0.20214416086673737,"w":0.7805263996124268},"size":11.870986938476563,"orthographic":false}