{"cameraMode":{"drawMode":0,"name":"Shaded","section":"Shading Mode"},"sceneLighting":false,"audioPlay":false,"sceneViewState":{"showFog":false,"showMaterialUpdate":false,"showSkybox":false,"showFlares":false,"showImageEffects":false,"showParticleSystems":false},"in2DMode":false,"pivot":{"x":-0.04482978582382202,"y":0.9108601808547974,"z":0.5828313827514648},"rotation":{"x":-0.0251542367041111,"y":-0.9455475211143494,"z":0.31627407670021059,"w":-0.07445307075977326},"size":2.91160249710083,"orthographic":false}