{"cameraMode":{"drawMode":0,"name":"Shaded","section":"Shading Mode"},"sceneLighting":true,"audioPlay":false,"sceneViewState":{"showFog":false,"showMaterialUpdate":false,"showSkybox":false,"showFlares":false,"showImageEffects":false,"showParticleSystems":false},"in2DMode":false,"pivot":{"x":-8.709699630737305,"y":3.8294830322265627,"z":-34.79365539550781},"rotation":{"x":0.5494608879089356,"y":0.11688719689846039,"z":-0.0780167207121849,"w":0.8236520886421204},"size":39.1485595703125,"orthographic":false}