{"cameraMode":{"drawMode":0,"name":"Shaded","section":"Shading Mode"},"sceneLighting":false,"audioPlay":false,"sceneViewState":{"showFog":false,"showMaterialUpdate":false,"showSkybox":false,"showFlares":false,"showImageEffects":false,"showParticleSystems":false},"in2DMode":false,"pivot":{"x":-0.362904816865921,"y":1.8665717840194703,"z":0.7294636368751526},"rotation":{"x":0.16916650533676148,"y":0.8238253593444824,"z":-0.31888896226882937,"w":0.4371016025543213},"size":2.2705984115600588,"orthographic":false}