{"cameraMode":{"drawMode":0,"name":"Shaded","section":"Shading Mode"},"sceneLighting":false,"audioPlay":false,"sceneViewState":{"showFog":false,"showMaterialUpdate":false,"showSkybox":false,"showFlares":false,"showImageEffects":false,"showParticleSystems":false},"in2DMode":false,"pivot":{"x":-17.88396453857422,"y":-2.474398374557495,"z":-10.689347267150879},"rotation":{"x":0.383301705121994,"y":-0.2813229262828827,"z":0.12333377450704575,"w":0.8713071346282959},"size":11.876948356628418,"orthographic":false}