{"cameraMode":{"drawMode":0,"name":"Shaded","section":"Shading Mode"},"sceneLighting":false,"audioPlay":false,"sceneViewState":{"showFog":false,"showMaterialUpdate":false,"showSkybox":false,"showFlares":false,"showImageEffects":false,"showParticleSystems":false},"in2DMode":false,"pivot":{"x":1.7421306371688843,"y":0.011928550899028778,"z":0.09948587417602539},"rotation":{"x":-0.15014143288135529,"y":-0.8256444334983826,"z":0.259941428899765,"w":-0.4781743586063385},"size":4.159432411193848,"orthographic":false}