{"cameraMode":{"drawMode":0,"name":"Shaded","section":"Shading Mode"},"sceneLighting":true,"audioPlay":false,"sceneViewState":{"showFog":false,"showMaterialUpdate":false,"showSkybox":false,"showFlares":false,"showImageEffects":false,"showParticleSystems":false},"in2DMode":false,"pivot":{"x":-10.29073715209961,"y":8.589578628540039,"z":-3.452047348022461},"rotation":{"x":0.38473108410835268,"y":0.2118995487689972,"z":-0.09121806174516678,"w":0.8937352299690247},"size":21.916940689086915,"orthographic":false}