{"cameraMode":{"drawMode":0,"name":"Shaded","section":"Shading Mode"},"sceneLighting":false,"audioPlay":false,"sceneViewState":{"showFog":false,"showMaterialUpdate":false,"showSkybox":false,"showFlares":false,"showImageEffects":false,"showParticleSystems":false},"in2DMode":false,"pivot":{"x":-1.417533040046692,"y":2.479184865951538,"z":1.3090574741363526},"rotation":{"x":-0.17008887231349946,"y":-0.8220846056938171,"z":0.441121906042099,"w":-0.317987322807312},"size":4.070598125457764,"orthographic":false}