{"cameraMode":{"drawMode":0,"name":"Shaded","section":"Shading Mode"},"sceneLighting":false,"audioPlay":false,"sceneViewState":{"showFog":false,"showMaterialUpdate":false,"showSkybox":false,"showFlares":false,"showImageEffects":false,"showParticleSystems":false},"in2DMode":false,"pivot":{"x":7.745946884155273,"y":-1.2931030988693238,"z":-23.64400291442871},"rotation":{"x":0.47368043661117556,"y":-0.10033978521823883,"z":0.053938042372465137,"w":0.8735655546188355},"size":11.876953125,"orthographic":false}