{"cameraMode":{"drawMode":0,"name":"Shaded","section":"Shading Mode"},"sceneLighting":false,"audioPlay":false,"sceneViewState":{"showFog":false,"showMaterialUpdate":false,"showSkybox":false,"showFlares":false,"showImageEffects":false,"showParticleSystems":false},"in2DMode":false,"pivot":{"x":-2.2049098014831545,"y":-1.2266607284545899,"z":-7.313912391662598},"rotation":{"x":0.2628515362739563,"y":-0.4239392578601837,"z":0.129508838057518,"w":0.8572499752044678},"size":11.871003150939942,"orthographic":false}