{"cameraMode":{"drawMode":0,"name":"Shaded","section":"Shading Mode"},"sceneLighting":false,"audioPlay":false,"sceneViewState":{"showFog":false,"showMaterialUpdate":false,"showSkybox":false,"showFlares":false,"showImageEffects":false,"showParticleSystems":false},"in2DMode":false,"pivot":{"x":7.081263542175293,"y":-5.96158504486084,"z":-14.817985534667969},"rotation":{"x":-0.19939318299293519,"y":-0.29317042231559756,"z":0.06213180720806122,"w":-0.9333558082580566},"size":25.106609344482423,"orthographic":false}