{"cameraMode":{"drawMode":0,"name":"Shaded","section":"Shading Mode"},"sceneLighting":false,"audioPlay":false,"sceneViewState":{"showFog":false,"showMaterialUpdate":false,"showSkybox":false,"showFlares":false,"showImageEffects":false,"showParticleSystems":false},"in2DMode":false,"pivot":{"x":3.8699758052825929,"y":0.8181304931640625,"z":1.2055206298828126},"rotation":{"x":0.32227790355682375,"y":0.2498432844877243,"z":-0.08897166699171066,"w":0.9089856743812561},"size":6.316168308258057,"orthographic":false}