{"cameraMode":{"drawMode":0,"name":"Shaded","section":"Shading Mode"},"sceneLighting":false,"audioPlay":false,"sceneViewState":{"showFog":false,"showMaterialUpdate":false,"showSkybox":false,"showFlares":false,"showImageEffects":false,"showParticleSystems":false},"in2DMode":false,"pivot":{"x":0.16372862458229066,"y":-0.5070538520812988,"z":-0.611404538154602},"rotation":{"x":-0.05957254767417908,"y":-0.9111877679824829,"z":0.3828422427177429,"w":-0.14100627601146699},"size":2.91160249710083,"orthographic":false}