{"cameraMode":{"drawMode":0,"name":"Shaded","section":"Shading Mode"},"sceneLighting":true,"audioPlay":false,"sceneViewState":{"showFog":false,"showMaterialUpdate":false,"showSkybox":false,"showFlares":false,"showImageEffects":false,"showParticleSystems":false},"in2DMode":false,"pivot":{"x":6.135764122009277,"y":-1.254425048828125,"z":-44.21243667602539},"rotation":{"x":0.4087089002132416,"y":-0.37391015887260439,"z":0.18843428790569306,"w":0.8109956383705139},"size":20.238414764404298,"orthographic":false}